<mxGraphModel><root><mxCell id="0"/><mxCell id="1" parent="0"/><mxCell id="118" style="entity" parent="1" vertex="1" connectable="0"><ErEntity name="Sports hall" as="value"><ErEntityGBHandler as="erGraphBehaviourHandler"/></ErEntity><mxGeometry x="763" y="788.46" width="100" height="40" as="geometry"/></mxCell><mxCell id="119" style="attribute;attributeIdentifier;attributeLabelTop" parent="1" vertex="1" connectable="0"><ErAttribute name="name" simpleIdentifier="1" as="value"><ErAttributeGBHandler as="erGraphBehaviourHandler"/></ErAttribute><mxGeometry x="750" y="730" width="13" height="13" as="geometry"/></mxCell><mxCell id="120" style="attributeConnector" parent="1" source="119" target="118" edge="1"><ErAttributeConnector as="value"><ErAttributeConnectorGBHandler as="erGraphBehaviourHandler"/></ErAttributeConnector><mxGeometry relative="1" as="geometry"/></mxCell><mxCell id="121" style="attribute;attributeLabelTop" parent="1" vertex="1" connectable="0"><ErAttribute name="size" as="value"><ErAttributeGBHandler as="erGraphBehaviourHandler"/></ErAttribute><mxGeometry x="820" y="727" width="13" height="13" as="geometry"/></mxCell><mxCell id="122" style="attributeConnector" parent="1" source="121" target="118" edge="1"><ErAttributeConnector as="value"><ErAttributeConnectorGBHandler as="erGraphBehaviourHandler"/></ErAttributeConnector><mxGeometry relative="1" as="geometry"/></mxCell><mxCell id="123" style="attribute;attributeLabelTop" parent="1" vertex="1" connectable="0"><ErAttribute name="specialization" multivalued="1" cardinalityMin="1" cardinalityMax="N" as="value"><ErAttributeGBHandler as="erGraphBehaviourHandler"/></ErAttribute><mxGeometry x="908" y="764" width="13" height="13" as="geometry"/></mxCell><mxCell id="124" style="attributeConnector" parent="1" source="123" target="118" edge="1"><ErAttributeConnector as="value"><ErAttributeConnectorGBHandler as="erGraphBehaviourHandler"/></ErAttributeConnector><mxGeometry relative="1" as="geometry"/></mxCell><mxCell id="136" style="entity" parent="1" vertex="1" connectable="0"><ErEntity name="User" as="value"><ErEntityGBHandler as="erGraphBehaviourHandler"/></ErEntity><mxGeometry x="1323" y="396" width="100" height="40" as="geometry"/></mxCell><mxCell id="137" style="entity" parent="1" vertex="1" connectable="0"><ErEntity name="Client" as="value"><ErEntityGBHandler as="erGraphBehaviourHandler"/></ErEntity><mxGeometry x="1252" y="509" width="100" height="40" as="geometry"/></mxCell><mxCell id="138" style="entity" parent="1" vertex="1" connectable="0"><ErEntity name="Trainer" as="value"><ErEntityGBHandler as="erGraphBehaviourHandler"/></ErEntity><mxGeometry x="1433" y="510.46" width="100" height="40" as="geometry"/></mxCell><mxCell id="139" style="hierarchy" parent="1" vertex="1" connectable="0"><ErHierarchy coverage="Complete" disjointness="Exclusive" as="value"><ErHierarchyGBHandler as="erGraphBehaviourHandler"/></ErHierarchy><mxGeometry x="1368" y="486" width="10" height="10" as="geometry"/></mxCell><mxCell id="140" style="generalization" parent="1" source="139" target="136" edge="1"><ErGeneralizationConnector as="value"><ErGeneralizationConnectorGBHandler as="erGraphBehaviourHandler"/></ErGeneralizationConnector><mxGeometry relative="1" as="geometry"/></mxCell><mxCell id="141" style="specialization" parent="1" source="139" target="138" edge="1"><ErSpecializationConnector as="value"><ErSpecializationConnectorGBHandler as="erGraphBehaviourHandler"/></ErSpecializationConnector><mxGeometry relative="1" as="geometry"/></mxCell><mxCell id="142" style="specialization" parent="1" source="139" target="137" edge="1"><ErSpecializationConnector as="value"><ErSpecializationConnectorGBHandler as="erGraphBehaviourHandler"/></ErSpecializationConnector><mxGeometry relative="1" as="geometry"/></mxCell><mxCell id="143" style="attribute;attributeIdentifier;attributeLabelTop" parent="1" vertex="1" connectable="0"><ErAttribute name="login" simpleIdentifier="1" as="value"><ErAttributeGBHandler as="erGraphBehaviourHandler"/></ErAttribute><mxGeometry x="1335" y="348" width="13" height="13" as="geometry"/></mxCell><mxCell id="144" style="attributeConnector" parent="1" source="143" target="136" edge="1"><ErAttributeConnector as="value"><ErAttributeConnectorGBHandler as="erGraphBehaviourHandler"/></ErAttributeConnector><mxGeometry relative="1" as="geometry"/></mxCell><mxCell id="145" style="attribute;attributeLabelTop" parent="1" vertex="1" connectable="0"><ErAttribute name="password" as="value"><ErAttributeGBHandler as="erGraphBehaviourHandler"/></ErAttribute><mxGeometry x="1433" y="350" width="13" height="13" as="geometry"/></mxCell><mxCell id="146" style="attributeConnector" parent="1" source="145" target="136" edge="1"><ErAttributeConnector as="value"><ErAttributeConnectorGBHandler as="erGraphBehaviourHandler"/></ErAttributeConnector><mxGeometry relative="1" as="geometry"/></mxCell><mxCell id="147" style="attribute;attributeLabelBottom" parent="1" vertex="1" connectable="0"><ErAttribute name="specialization" multivalued="1" cardinalityMin="1" cardinalityMax="N" as="value"><ErAttributeGBHandler as="erGraphBehaviourHandler"/></ErAttribute><mxGeometry x="1391" y="556" width="13" height="13" as="geometry"/></mxCell><mxCell id="148" style="attributeConnector" parent="1" source="147" target="138" edge="1"><ErAttributeConnector as="value"><ErAttributeConnectorGBHandler as="erGraphBehaviourHandler"/></ErAttributeConnector><mxGeometry relative="1" as="geometry"/></mxCell><mxCell id="151" style="relationship" parent="1" vertex="1"><ErRelationship name="is assistant for" as="value"><ErRelationshipGBHandler as="erGraphBehaviourHandler"/></ErRelationship><mxGeometry x="1582.33" y="583.44" width="100" height="50" as="geometry"/></mxCell><mxCell id="152" style="relationshipConnector" parent="1" source="151" target="138" edge="1"><ErRelationshipConnector cardinalityMin="0" cardinalityMax="N" as="value"><ErRelationshipConnectorGBHandler as="erGraphBehaviourHandler"/></ErRelationshipConnector><mxGeometry relative="1" as="geometry"><Array as="points"><mxPoint x="1515" y="609"/></Array></mxGeometry></mxCell><mxCell id="153" style="relationshipConnector" parent="1" source="151" target="138" edge="1"><ErRelationshipConnector cardinalityMin="0" cardinalityMax="N" as="value"><ErRelationshipConnectorGBHandler as="erGraphBehaviourHandler"/></ErRelationshipConnector><mxGeometry relative="1" as="geometry"><Array as="points"><mxPoint x="1632" y="531.46"/></Array></mxGeometry></mxCell><mxCell id="154" style="entity" parent="1" vertex="1" connectable="0"><ErEntity name="Training" as="value"><ErEntityGBHandler as="erGraphBehaviourHandler"/></ErEntity><mxGeometry x="998" y="887" width="100" height="40" as="geometry"/></mxCell><mxCell id="160" style="attribute;attributeLabelBottom" parent="1" vertex="1" connectable="0"><ErAttribute name="type" as="value"><ErAttributeGBHandler as="erGraphBehaviourHandler"/></ErAttribute><mxGeometry x="1041.5" y="982" width="13" height="13" as="geometry"/></mxCell><mxCell id="161" style="attributeConnector" parent="1" source="160" target="154" edge="1"><ErAttributeConnector as="value"><ErAttributeConnectorGBHandler as="erGraphBehaviourHandler"/></ErAttributeConnector><mxGeometry relative="1" as="geometry"/></mxCell><mxCell id="164" style="attribute;attributeLabelBottom" parent="1" vertex="1" connectable="0"><ErAttribute name="training date" as="value"><ErAttributeGBHandler as="erGraphBehaviourHandler"/></ErAttribute><mxGeometry x="989.4199999999998" y="978" width="13" height="13" as="geometry"/></mxCell><mxCell id="165" style="attributeConnector" parent="1" source="164" target="154" edge="1"><ErAttributeConnector as="value"><ErAttributeConnectorGBHandler as="erGraphBehaviourHandler"/></ErAttributeConnector><mxGeometry relative="1" as="geometry"/></mxCell><mxCell id="168" style="entity" parent="1" vertex="1" connectable="0"><ErEntity name="Personal data" as="value"><ErEntityGBHandler as="erGraphBehaviourHandler"/></ErEntity><mxGeometry x="1644.64" y="396" width="100" height="40" as="geometry"/></mxCell><mxCell id="170" style="relationship" parent="1" vertex="1"><ErRelationship name="has" as="value"><ErRelationshipGBHandler as="erGraphBehaviourHandler"/></ErRelationship><mxGeometry x="1503" y="391" width="100" height="50" as="geometry"/></mxCell><mxCell id="171" style="relationshipConnector" parent="1" source="170" target="136" edge="1"><ErRelationshipConnector cardinalityMin="1" cardinalityMax="1" as="value"><ErRelationshipConnectorGBHandler as="erGraphBehaviourHandler"/></ErRelationshipConnector><mxGeometry relative="1" as="geometry"/></mxCell><mxCell id="172" style="relationshipConnector" parent="1" source="170" target="168" edge="1"><ErRelationshipConnector cardinalityMin="1" cardinalityMax="1" as="value"><ErRelationshipConnectorGBHandler as="erGraphBehaviourHandler"/></ErRelationshipConnector><mxGeometry relative="1" as="geometry"/></mxCell><mxCell id="173" style="attribute;attributeLabelTop" parent="1" vertex="1" connectable="0"><ErAttribute name="surname" as="value"><ErAttributeGBHandler as="erGraphBehaviourHandler"/></ErAttribute><mxGeometry x="1703" y="351" width="13" height="13" as="geometry"/></mxCell><mxCell id="174" style="attributeConnector" parent="1" source="173" target="168" edge="1"><ErAttributeConnector as="value"><ErAttributeConnectorGBHandler as="erGraphBehaviourHandler"/></ErAttributeConnector><mxGeometry relative="1" as="geometry"/></mxCell><mxCell id="175" style="attribute;attributeLabelTop" parent="1" vertex="1" connectable="0"><ErAttribute name="name" as="value"><ErAttributeGBHandler as="erGraphBehaviourHandler"/></ErAttribute><mxGeometry x="1659" y="352" width="13" height="13" as="geometry"/></mxCell><mxCell id="176" style="attributeConnector" parent="1" source="175" target="168" edge="1"><ErAttributeConnector as="value"><ErAttributeConnectorGBHandler as="erGraphBehaviourHandler"/></ErAttributeConnector><mxGeometry relative="1" as="geometry"/></mxCell><mxCell id="177" style="attribute;attributeLabelTop" parent="1" vertex="1" connectable="0"><ErAttribute name="education" multivalued="1" cardinalityMin="0" cardinalityMax="1" as="value"><ErAttributeGBHandler as="erGraphBehaviourHandler"/></ErAttribute><mxGeometry x="1554" y="473" width="13" height="13" as="geometry"/></mxCell><mxCell id="178" style="attributeConnector" parent="1" source="177" target="138" edge="1"><ErAttributeConnector as="value"><ErAttributeConnectorGBHandler as="erGraphBehaviourHandler"/></ErAttributeConnector><mxGeometry relative="1" as="geometry"/></mxCell><mxCell id="181" style="attribute;attributeLabelTop" parent="1" vertex="1" connectable="0"><ErAttribute name="date of birth" as="value"><ErAttributeGBHandler as="erGraphBehaviourHandler"/></ErAttribute><mxGeometry x="1763" y="352" width="13" height="13" as="geometry"/></mxCell><mxCell id="182" style="attributeConnector" parent="1" source="181" target="168" edge="1"><ErAttributeConnector as="value"><ErAttributeConnectorGBHandler as="erGraphBehaviourHandler"/></ErAttributeConnector><mxGeometry relative="1" as="geometry"/></mxCell><mxCell id="198" style="attribute;attributeIdentifier;attributeLabelTop" parent="1" vertex="1" connectable="0"><ErAttribute name="e-mail" simpleIdentifier="1" as="value"><ErAttributeGBHandler as="erGraphBehaviourHandler"/></ErAttribute><mxGeometry x="1781" y="406.5" width="13" height="13" as="geometry"/></mxCell><mxCell id="199" style="attributeConnector" parent="1" source="198" target="168" edge="1"><ErAttributeConnector as="value"><ErAttributeConnectorGBHandler as="erGraphBehaviourHandler"/></ErAttributeConnector><mxGeometry relative="1" as="geometry"/></mxCell><mxCell id="200" style="attribute;attributeLabelBottom" parent="1" vertex="1" connectable="0"><ErAttribute name="phone number" as="value"><ErAttributeGBHandler as="erGraphBehaviourHandler"/></ErAttribute><mxGeometry x="1788" y="457" width="13" height="13" as="geometry"/></mxCell><mxCell id="201" style="attributeConnector" parent="1" source="200" target="168" edge="1"><ErAttributeConnector as="value"><ErAttributeConnectorGBHandler as="erGraphBehaviourHandler"/></ErAttributeConnector><mxGeometry relative="1" as="geometry"/></mxCell><mxCell id="214" style="compositeIdentifier" parent="1" vertex="1" connectable="0"><ErCompositeIdentifier as="value"><ErCompositeIdentifierGBHandler as="erGraphBehaviourHandler"/></ErCompositeIdentifier><mxGeometry as="geometry"><mxPoint x="1659.839768774455" y="376.9882660449503" as="sourcePoint"/><mxPoint x="1760.4193964100527" y="376.9882660449503" as="targetPoint"/><Array as="points"><mxPoint x="1674.839768774455" y="376.9882660449503"/><mxPoint x="1704.6005169228413" y="376.9882660449503"/><mxPoint x="1744.64" y="376.9882660449503"/><mxPoint x="1745.4193964100527" y="376.9882660449503"/></Array></mxGeometry></mxCell><mxCell id="215" parent="1" source="214" target="168" edge="1" visible="0"><ErCompositeIdentifierConnector as="value"><ErCompositeIdentifierConnectorGBHandler as="erGraphBehaviourHandler"/></ErCompositeIdentifierConnector><mxGeometry relative="1" as="geometry"/></mxCell><mxCell id="216" parent="1" source="214" target="174" edge="1" visible="0"><ErCompositeIdentifierMember as="value"><ErCompositeIdentifierMemberGBHandler as="erGraphBehaviourHandler"/></ErCompositeIdentifierMember><mxGeometry relative="1" as="geometry"/></mxCell><mxCell id="217" style="intersectionPoint" parent="1" vertex="1" connectable="0"><ErCompositeIdentifierIntersectionPoint as="value"><ErCompositeIdentifierIPointGBHandler as="erGraphBehaviourHandler"/></ErCompositeIdentifierIntersectionPoint><mxGeometry x="1702.6005169228413" y="374.9882660449503" width="4" height="4" as="geometry"/></mxCell><mxCell id="218" parent="1" source="214" target="217" edge="1" visible="0"><ErCompositeIdentifierIntersectionPointConnector as="value"><ErCompositeIdentifierIPointConnectorGBHandler as="erGraphBehaviourHandler"/></ErCompositeIdentifierIntersectionPointConnector><mxGeometry relative="1" as="geometry"/></mxCell><mxCell id="219" parent="1" source="214" target="176" edge="1" visible="0"><ErCompositeIdentifierMember as="value"><ErCompositeIdentifierMemberGBHandler as="erGraphBehaviourHandler"/></ErCompositeIdentifierMember><mxGeometry relative="1" as="geometry"/></mxCell><mxCell id="220" style="intersectionPoint" parent="1" vertex="1" connectable="0"><ErCompositeIdentifierIntersectionPoint as="value"><ErCompositeIdentifierIPointGBHandler as="erGraphBehaviourHandler"/></ErCompositeIdentifierIntersectionPoint><mxGeometry x="1672.839768774455" y="374.9882660449503" width="4" height="4" as="geometry"/></mxCell><mxCell id="221" parent="1" source="214" target="220" edge="1" visible="0"><ErCompositeIdentifierIntersectionPointConnector as="value"><ErCompositeIdentifierIPointConnectorGBHandler as="erGraphBehaviourHandler"/></ErCompositeIdentifierIntersectionPointConnector><mxGeometry relative="1" as="geometry"/></mxCell><mxCell id="222" parent="1" source="214" target="182" edge="1" visible="0"><ErCompositeIdentifierMember as="value"><ErCompositeIdentifierMemberGBHandler as="erGraphBehaviourHandler"/></ErCompositeIdentifierMember><mxGeometry relative="1" as="geometry"/></mxCell><mxCell id="223" style="intersectionPoint" parent="1" vertex="1" connectable="0"><ErCompositeIdentifierIntersectionPoint as="value"><ErCompositeIdentifierIPointGBHandler as="erGraphBehaviourHandler"/></ErCompositeIdentifierIntersectionPoint><mxGeometry x="1743.4193964100527" y="374.9882660449503" width="4" height="4" as="geometry"/></mxCell><mxCell id="224" parent="1" source="214" target="223" edge="1" visible="0"><ErCompositeIdentifierIntersectionPointConnector as="value"><ErCompositeIdentifierIPointConnectorGBHandler as="erGraphBehaviourHandler"/></ErCompositeIdentifierIntersectionPointConnector><mxGeometry relative="1" as="geometry"/></mxCell><mxCell id="225" style="entity" parent="1" vertex="1" connectable="0"><ErEntity name="Reservation" as="value"><ErEntityGBHandler as="erGraphBehaviourHandler"/></ErEntity><mxGeometry x="998" y="699" width="100" height="40" as="geometry"/></mxCell><mxCell id="226" style="relationship" parent="1" vertex="1"><ErRelationship name="makes" as="value"><ErRelationshipGBHandler as="erGraphBehaviourHandler"/></ErRelationship><mxGeometry x="998" y="504" width="100" height="50" as="geometry"/></mxCell><mxCell id="227" style="relationshipConnector" parent="1" source="226" target="137" edge="1"><ErRelationshipConnector cardinalityMin="0" cardinalityMax="N" as="value"><ErRelationshipConnectorGBHandler as="erGraphBehaviourHandler"/></ErRelationshipConnector><mxGeometry relative="1" as="geometry"><Array as="points"><mxPoint x="1134" y="530"/><mxPoint x="1134" y="530"/></Array></mxGeometry></mxCell><mxCell id="228" style="relationshipConnector" parent="1" source="226" target="225" edge="1"><ErRelationshipConnector cardinalityMin="1" cardinalityMax="1" as="value"><ErRelationshipConnectorGBHandler as="erGraphBehaviourHandler"/></ErRelationshipConnector><mxGeometry relative="1" as="geometry"/></mxCell><mxCell id="239" style="entity" parent="1" vertex="1" connectable="0"><ErEntity name="Payment" as="value"><ErEntityGBHandler as="erGraphBehaviourHandler"/></ErEntity><mxGeometry x="1252" y="699" width="100" height="40" as="geometry"/></mxCell><mxCell id="240" style="attribute;attributeLabelBottom" parent="1" vertex="1" connectable="0"><ErAttribute name="payment method" as="value"><ErAttributeGBHandler as="erGraphBehaviourHandler"/></ErAttribute><mxGeometry x="1371" y="773.46" width="13" height="13" as="geometry"/></mxCell><mxCell id="241" style="attributeConnector" parent="1" source="240" target="239" edge="1"><ErAttributeConnector as="value"><ErAttributeConnectorGBHandler as="erGraphBehaviourHandler"/></ErAttributeConnector><mxGeometry relative="1" as="geometry"/></mxCell><mxCell id="244" style="attribute;attributeLabelTop" parent="1" vertex="1" connectable="0"><ErAttribute name="status" as="value"><ErAttributeGBHandler as="erGraphBehaviourHandler"/></ErAttribute><mxGeometry x="903" y="677" width="13" height="13" as="geometry"/></mxCell><mxCell id="245" style="attributeConnector" parent="1" source="244" target="225" edge="1"><ErAttributeConnector as="value"><ErAttributeConnectorGBHandler as="erGraphBehaviourHandler"/></ErAttributeConnector><mxGeometry relative="1" as="geometry"/></mxCell><mxCell id="262" style="attribute;attributeLabelTop" parent="1" vertex="1" connectable="0"><ErAttribute name="payment date" as="value"><ErAttributeGBHandler as="erGraphBehaviourHandler"/></ErAttribute><mxGeometry x="1404" y="677" width="13" height="13" as="geometry"/></mxCell><mxCell id="263" style="attributeConnector" parent="1" source="262" target="239" edge="1"><ErAttributeConnector as="value"><ErAttributeConnectorGBHandler as="erGraphBehaviourHandler"/></ErAttributeConnector><mxGeometry relative="1" as="geometry"/></mxCell><mxCell id="272" style="attribute;attributeLabelTop" parent="1" vertex="1" connectable="0"><ErAttribute name="reservation date" as="value"><ErAttributeGBHandler as="erGraphBehaviourHandler"/></ErAttribute><mxGeometry x="974" y="645" width="13" height="13" as="geometry"/></mxCell><mxCell id="273" style="attributeConnector" parent="1" source="272" target="225" edge="1"><ErAttributeConnector as="value"><ErAttributeConnectorGBHandler as="erGraphBehaviourHandler"/></ErAttributeConnector><mxGeometry relative="1" as="geometry"/></mxCell><mxCell id="274" style="compositeIdentifier;userStartSymbol" parent="1" vertex="1" connectable="0"><ErCompositeIdentifier as="value"><ErCompositeIdentifierGBHandler as="erGraphBehaviourHandler"/></ErCompositeIdentifier><mxGeometry as="geometry"><mxPoint x="989" y="675" as="sourcePoint"/><mxPoint x="1063" y="675" as="targetPoint"/><Array as="points"><mxPoint x="1004" y="675"/><mxPoint x="1048" y="675"/></Array></mxGeometry></mxCell><mxCell id="275" parent="1" source="274" target="225" edge="1" visible="0"><ErCompositeIdentifierConnector as="value"><ErCompositeIdentifierConnectorGBHandler as="erGraphBehaviourHandler"/></ErCompositeIdentifierConnector><mxGeometry relative="1" as="geometry"/></mxCell><mxCell id="276" parent="1" source="274" target="273" edge="1" visible="0"><ErCompositeIdentifierMember as="value"><ErCompositeIdentifierMemberGBHandler as="erGraphBehaviourHandler"/></ErCompositeIdentifierMember><mxGeometry relative="1" as="geometry"/></mxCell><mxCell id="277" style="intersectionPoint" parent="1" vertex="1" connectable="0"><ErCompositeIdentifierIntersectionPoint as="value"><ErCompositeIdentifierIPointGBHandler as="erGraphBehaviourHandler"/></ErCompositeIdentifierIntersectionPoint><mxGeometry x="1002" y="673" width="4" height="4" as="geometry"/></mxCell><mxCell id="278" parent="1" source="274" target="277" edge="1" visible="0"><ErCompositeIdentifierIntersectionPointConnector as="value"><ErCompositeIdentifierIPointConnectorGBHandler as="erGraphBehaviourHandler"/></ErCompositeIdentifierIntersectionPointConnector><mxGeometry relative="1" as="geometry"/></mxCell><mxCell id="279" parent="1" source="274" target="228" edge="1" visible="0"><ErCompositeIdentifierMember as="value"><ErCompositeIdentifierMemberGBHandler as="erGraphBehaviourHandler"/></ErCompositeIdentifierMember><mxGeometry relative="1" as="geometry"/></mxCell><mxCell id="280" style="intersectionPoint" parent="1" vertex="1" connectable="0"><ErCompositeIdentifierIntersectionPoint as="value"><ErCompositeIdentifierIPointGBHandler as="erGraphBehaviourHandler"/></ErCompositeIdentifierIntersectionPoint><mxGeometry x="1046" y="673" width="4" height="4" as="geometry"/></mxCell><mxCell id="281" parent="1" source="274" target="280" edge="1" visible="0"><ErCompositeIdentifierIntersectionPointConnector as="value"><ErCompositeIdentifierIPointConnectorGBHandler as="erGraphBehaviourHandler"/></ErCompositeIdentifierIntersectionPointConnector><mxGeometry relative="1" as="geometry"/></mxCell><mxCell id="282" style="relationship" parent="1" vertex="1"><ErRelationship name="includes" as="value"><ErRelationshipGBHandler as="erGraphBehaviourHandler"/></ErRelationship><mxGeometry x="1127" y="694" width="100" height="50" as="geometry"/></mxCell><mxCell id="283" style="relationshipConnector" parent="1" source="282" target="225" edge="1"><ErRelationshipConnector cardinalityMin="0" cardinalityMax="1" as="value"><ErRelationshipConnectorGBHandler as="erGraphBehaviourHandler"/></ErRelationshipConnector><mxGeometry relative="1" as="geometry"/></mxCell><mxCell id="284" style="relationshipConnector" parent="1" source="282" target="239" edge="1"><ErRelationshipConnector cardinalityMin="1" cardinalityMax="N" as="value"><ErRelationshipConnectorGBHandler as="erGraphBehaviourHandler"/></ErRelationshipConnector><mxGeometry relative="1" as="geometry"/></mxCell><mxCell id="285" style="relationship" parent="1" vertex="1"><ErRelationship name="makes" as="value"><ErRelationshipGBHandler as="erGraphBehaviourHandler"/></ErRelationship><mxGeometry x="1252" y="603" width="100" height="50" as="geometry"/></mxCell><mxCell id="286" style="relationshipConnector" parent="1" source="285" target="239" edge="1"><ErRelationshipConnector cardinalityMin="1" cardinalityMax="1" as="value"><ErRelationshipConnectorGBHandler as="erGraphBehaviourHandler"/></ErRelationshipConnector><mxGeometry relative="1" as="geometry"/></mxCell><mxCell id="287" style="relationshipConnector" parent="1" source="285" target="137" edge="1"><ErRelationshipConnector cardinalityMin="0" cardinalityMax="N" as="value"><ErRelationshipConnectorGBHandler as="erGraphBehaviourHandler"/></ErRelationshipConnector><mxGeometry relative="1" as="geometry"/></mxCell><mxCell id="296" style="relationship" parent="1" vertex="1"><ErRelationship name="applies to" as="value"><ErRelationshipGBHandler as="erGraphBehaviourHandler"/></ErRelationship><mxGeometry x="998" y="789" width="100" height="50" as="geometry"/></mxCell><mxCell id="297" style="relationshipConnector" parent="1" source="296" target="225" edge="1"><ErRelationshipConnector cardinalityMin="1" cardinalityMax="1" as="value"><ErRelationshipConnectorGBHandler as="erGraphBehaviourHandler"/></ErRelationshipConnector><mxGeometry relative="1" as="geometry"/></mxCell><mxCell id="298" style="relationshipConnector" parent="1" source="296" target="154" edge="1"><ErRelationshipConnector cardinalityMin="0" cardinalityMax="N" as="value"><ErRelationshipConnectorGBHandler as="erGraphBehaviourHandler"/></ErRelationshipConnector><mxGeometry relative="1" as="geometry"/></mxCell><mxCell id="310" style="relationship" parent="1" vertex="1"><ErRelationship name="conducts" as="value"><ErRelationshipGBHandler as="erGraphBehaviourHandler"/></ErRelationship><mxGeometry x="1433" y="882" width="100" height="50" as="geometry"/></mxCell><mxCell id="311" style="relationshipConnector" parent="1" source="310" target="138" edge="1"><ErRelationshipConnector cardinalityMin="0" cardinalityMax="N" as="value"><ErRelationshipConnectorGBHandler as="erGraphBehaviourHandler"/></ErRelationshipConnector><mxGeometry relative="1" as="geometry"/></mxCell><mxCell id="312" style="relationshipConnector" parent="1" source="310" target="154" edge="1"><ErRelationshipConnector cardinalityMin="0" cardinalityMax="N" as="value"><ErRelationshipConnectorGBHandler as="erGraphBehaviourHandler"/></ErRelationshipConnector><mxGeometry relative="1" as="geometry"/></mxCell><mxCell id="321" style="relationship" parent="1" vertex="1"><ErRelationship name="takes place in" as="value"><ErRelationshipGBHandler as="erGraphBehaviourHandler"/></ErRelationship><mxGeometry x="828" y="882" width="100" height="50" as="geometry"/></mxCell><mxCell id="322" style="relationshipConnector" parent="1" source="321" target="154" edge="1"><ErRelationshipConnector cardinalityMin="1" cardinalityMax="1" as="value"><ErRelationshipConnectorGBHandler as="erGraphBehaviourHandler"/></ErRelationshipConnector><mxGeometry relative="1" as="geometry"/></mxCell><mxCell id="323" style="relationshipConnector" parent="1" source="321" target="118" edge="1"><ErRelationshipConnector cardinalityMin="0" cardinalityMax="N" as="value"><ErRelationshipConnectorGBHandler as="erGraphBehaviourHandler"/></ErRelationshipConnector><mxGeometry relative="1" as="geometry"><Array as="points"><mxPoint x="813" y="907"/></Array></mxGeometry></mxCell><mxCell id="324" style="compositeIdentifier;userStartSymbol" parent="1" vertex="1" connectable="0"><ErCompositeIdentifier as="value"><ErCompositeIdentifierGBHandler as="erGraphBehaviourHandler"/></ErCompositeIdentifier><mxGeometry as="geometry"><mxPoint x="1033.3946371416212" y="951" as="sourcePoint"/><mxPoint x="974" y="892" as="targetPoint"/><Array as="points"><mxPoint x="1018.3946371416212" y="951"/><mxPoint x="998" y="951"/><mxPoint x="974" y="951"/><mxPoint x="974" y="927"/><mxPoint x="974" y="907"/></Array></mxGeometry></mxCell><mxCell id="325" parent="1" source="324" target="154" edge="1" visible="0"><ErCompositeIdentifierConnector as="value"><ErCompositeIdentifierConnectorGBHandler as="erGraphBehaviourHandler"/></ErCompositeIdentifierConnector><mxGeometry relative="1" as="geometry"/></mxCell><mxCell id="326" parent="1" source="324" target="322" edge="1" visible="0"><ErCompositeIdentifierMember as="value"><ErCompositeIdentifierMemberGBHandler as="erGraphBehaviourHandler"/></ErCompositeIdentifierMember><mxGeometry relative="1" as="geometry"/></mxCell><mxCell id="327" style="intersectionPoint" parent="1" vertex="1" connectable="0"><ErCompositeIdentifierIntersectionPoint as="value"><ErCompositeIdentifierIPointGBHandler as="erGraphBehaviourHandler"/></ErCompositeIdentifierIntersectionPoint><mxGeometry x="972" y="905" width="4" height="4" as="geometry"/></mxCell><mxCell id="328" parent="1" source="324" target="327" edge="1" visible="0"><ErCompositeIdentifierIntersectionPointConnector as="value"><ErCompositeIdentifierIPointConnectorGBHandler as="erGraphBehaviourHandler"/></ErCompositeIdentifierIntersectionPointConnector><mxGeometry relative="1" as="geometry"/></mxCell><mxCell id="329" parent="1" source="324" target="165" edge="1" visible="0"><ErCompositeIdentifierMember as="value"><ErCompositeIdentifierMemberGBHandler as="erGraphBehaviourHandler"/></ErCompositeIdentifierMember><mxGeometry relative="1" as="geometry"/></mxCell><mxCell id="330" style="intersectionPoint" parent="1" vertex="1" connectable="0"><ErCompositeIdentifierIntersectionPoint as="value"><ErCompositeIdentifierIPointGBHandler as="erGraphBehaviourHandler"/></ErCompositeIdentifierIntersectionPoint><mxGeometry x="1016.3946371416212" y="949" width="4" height="4" as="geometry"/></mxCell><mxCell id="331" parent="1" source="324" target="330" edge="1" visible="0"><ErCompositeIdentifierIntersectionPointConnector as="value"><ErCompositeIdentifierIPointConnectorGBHandler as="erGraphBehaviourHandler"/></ErCompositeIdentifierIntersectionPointConnector><mxGeometry relative="1" as="geometry"/></mxCell><mxCell id="332" style="attribute;attributeLabelBottom" parent="1" vertex="1" connectable="0"><ErAttribute name="final price" as="value"><ErAttributeGBHandler as="erGraphBehaviourHandler"/></ErAttribute><mxGeometry x="1278" y="790.46" width="13" height="13" as="geometry"/></mxCell><mxCell id="333" style="attributeConnector" parent="1" source="332" target="239" edge="1"><ErAttributeConnector as="value"><ErAttributeConnectorGBHandler as="erGraphBehaviourHandler"/></ErAttributeConnector><mxGeometry relative="1" as="geometry"/></mxCell><mxCell id="334" style="compositeIdentifier" parent="1" vertex="1" connectable="0"><ErCompositeIdentifier as="value"><ErCompositeIdentifierGBHandler as="erGraphBehaviourHandler"/></ErCompositeIdentifier><mxGeometry as="geometry"><mxPoint x="1287" y="675" as="sourcePoint"/><mxPoint x="1376" y="709.7649498896186" as="targetPoint"/><Array as="points"><mxPoint x="1302" y="675"/><mxPoint x="1352" y="675"/><mxPoint x="1376" y="675"/><mxPoint x="1376" y="694.7649498896186"/></Array></mxGeometry></mxCell><mxCell id="335" parent="1" source="334" target="239" edge="1" visible="0"><ErCompositeIdentifierConnector as="value"><ErCompositeIdentifierConnectorGBHandler as="erGraphBehaviourHandler"/></ErCompositeIdentifierConnector><mxGeometry relative="1" as="geometry"/></mxCell><mxCell id="336" parent="1" source="334" target="286" edge="1" visible="0"><ErCompositeIdentifierMember as="value"><ErCompositeIdentifierMemberGBHandler as="erGraphBehaviourHandler"/></ErCompositeIdentifierMember><mxGeometry relative="1" as="geometry"/></mxCell><mxCell id="337" style="intersectionPoint" parent="1" vertex="1" connectable="0"><ErCompositeIdentifierIntersectionPoint as="value"><ErCompositeIdentifierIPointGBHandler as="erGraphBehaviourHandler"/></ErCompositeIdentifierIntersectionPoint><mxGeometry x="1300" y="673" width="4" height="4" as="geometry"/></mxCell><mxCell id="338" parent="1" source="334" target="337" edge="1" visible="0"><ErCompositeIdentifierIntersectionPointConnector as="value"><ErCompositeIdentifierIPointConnectorGBHandler as="erGraphBehaviourHandler"/></ErCompositeIdentifierIntersectionPointConnector><mxGeometry relative="1" as="geometry"/></mxCell><mxCell id="339" parent="1" source="334" target="263" edge="1" visible="0"><ErCompositeIdentifierMember as="value"><ErCompositeIdentifierMemberGBHandler as="erGraphBehaviourHandler"/></ErCompositeIdentifierMember><mxGeometry relative="1" as="geometry"/></mxCell><mxCell id="340" style="intersectionPoint" parent="1" vertex="1" connectable="0"><ErCompositeIdentifierIntersectionPoint as="value"><ErCompositeIdentifierIPointGBHandler as="erGraphBehaviourHandler"/></ErCompositeIdentifierIntersectionPoint><mxGeometry x="1374" y="692.7649498896186" width="4" height="4" as="geometry"/></mxCell><mxCell id="341" parent="1" source="334" target="340" edge="1" visible="0"><ErCompositeIdentifierIntersectionPointConnector as="value"><ErCompositeIdentifierIPointConnectorGBHandler as="erGraphBehaviourHandler"/></ErCompositeIdentifierIntersectionPointConnector><mxGeometry relative="1" as="geometry"/></mxCell><mxCell id="342" style="attribute;attributeLabelBottom" parent="1" vertex="1" connectable="0"><ErAttribute name="capacity" as="value"><ErAttributeGBHandler as="erGraphBehaviourHandler"/></ErAttribute><mxGeometry x="1110" y="982" width="13" height="13" as="geometry"/></mxCell><mxCell id="343" style="attributeConnector" parent="1" source="342" target="154" edge="1"><ErAttributeConnector as="value"><ErAttributeConnectorGBHandler as="erGraphBehaviourHandler"/></ErAttributeConnector><mxGeometry relative="1" as="geometry"/></mxCell><mxCell id="344" style="attribute;attributeLabelTop" parent="1" vertex="1" connectable="0"><ErAttribute name="preferences in sports" multivalued="1" cardinalityMin="0" cardinalityMax="N" as="value"><ErAttributeGBHandler as="erGraphBehaviourHandler"/></ErAttribute><mxGeometry x="1205" y="461.46" width="13" height="13" as="geometry"/></mxCell><mxCell id="345" style="attributeConnector" parent="1" source="344" target="137" edge="1"><ErAttributeConnector as="value"><ErAttributeConnectorGBHandler as="erGraphBehaviourHandler"/></ErAttributeConnector><mxGeometry relative="1" as="geometry"/></mxCell><mxCell id="358" style="attribute;attributeLabelBottom;userLabelTopLeftCircle" parent="1" vertex="1" connectable="0"><ErAttribute name="address" compositeAttribute="1" compositeAttributeRoot="1" as="value"><ErAttributeGBHandler as="erGraphBehaviourHandler"/></ErAttribute><mxGeometry x="1690" y="480" width="13" height="13" as="geometry"/></mxCell><mxCell id="359" style="attributeConnector" parent="1" source="358" target="168" edge="1"><ErAttributeConnector as="value"><ErAttributeConnectorGBHandler as="erGraphBehaviourHandler"/></ErAttributeConnector><mxGeometry relative="1" as="geometry"/></mxCell><mxCell id="360" style="attribute;attributeLabelBottom" parent="1" vertex="1" connectable="0"><ErAttribute name="house number" compositeAttribute="1" compositeAttributeMember="1" as="value"><ErAttributeGBHandler as="erGraphBehaviourHandler"/></ErAttribute><mxGeometry x="1788" y="541" width="13" height="13" as="geometry"/></mxCell><mxCell id="361" style="attributeConnector" parent="1" source="360" target="358" edge="1"><ErAttributeConnector as="value"><ErAttributeConnectorGBHandler as="erGraphBehaviourHandler"/></ErAttributeConnector><mxGeometry relative="1" as="geometry"/></mxCell><mxCell id="362" style="attribute;attributeLabelBottom" parent="1" vertex="1" connectable="0"><ErAttribute name="street" compositeAttribute="1" compositeAttributeMember="1" as="value"><ErAttributeGBHandler as="erGraphBehaviourHandler"/></ErAttribute><mxGeometry x="1721" y="543" width="13" height="13" as="geometry"/></mxCell><mxCell id="363" style="attributeConnector" parent="1" source="362" target="358" edge="1"><ErAttributeConnector as="value"><ErAttributeConnectorGBHandler as="erGraphBehaviourHandler"/></ErAttributeConnector><mxGeometry relative="1" as="geometry"/></mxCell><mxCell id="364" style="attribute;attributeLabelBottom" parent="1" vertex="1" connectable="0"><ErAttribute name="city" compositeAttribute="1" compositeAttributeMember="1" as="value"><ErAttributeGBHandler as="erGraphBehaviourHandler"/></ErAttribute><mxGeometry x="1668.34" y="541" width="13" height="13" as="geometry"/></mxCell><mxCell id="365" style="attributeConnector" parent="1" source="364" target="358" edge="1"><ErAttributeConnector as="value"><ErAttributeConnectorGBHandler as="erGraphBehaviourHandler"/></ErAttributeConnector><mxGeometry relative="1" as="geometry"/></mxCell><mxCell id="366" style="attribute;attributeLabelBottom" parent="1" vertex="1" connectable="0"><ErAttribute name="price for one" as="value"><ErAttributeGBHandler as="erGraphBehaviourHandler"/></ErAttribute><mxGeometry x="1174" y="982" width="13" height="13" as="geometry"/></mxCell><mxCell id="367" style="attributeConnector" parent="1" source="366" target="154" edge="1"><ErAttributeConnector as="value"><ErAttributeConnectorGBHandler as="erGraphBehaviourHandler"/></ErAttributeConnector><mxGeometry relative="1" as="geometry"/></mxCell></root></mxGraphModel>